{
  "hash": "d643dd1f",
  "configHash": "02c1c15f",
  "lockfileHash": "02485aee",
  "browserHash": "1105ece7",
  "optimized": {
    "@angular/common": {
      "src": "../../../../../../node_modules/@angular/common/fesm2022/common.mjs",
      "file": "@angular_common.js",
      "fileHash": "8bf6a124",
      "needsInterop": false
    },
    "@angular/core": {
      "src": "../../../../../../node_modules/@angular/core/fesm2022/core.mjs",
      "file": "@angular_core.js",
      "fileHash": "9f6e939c",
      "needsInterop": false
    },
    "@angular/forms": {
      "src": "../../../../../../node_modules/@angular/forms/fesm2022/forms.mjs",
      "file": "@angular_forms.js",
      "fileHash": "7eb26cee",
      "needsInterop": false
    },
    "@angular/platform-browser": {
      "src": "../../../../../../node_modules/@angular/platform-browser/fesm2022/platform-browser.mjs",
      "file": "@angular_platform-browser.js",
      "fileHash": "adc39188",
      "needsInterop": false
    },
    "@angular/router": {
      "src": "../../../../../../node_modules/@angular/router/fesm2022/router.mjs",
      "file": "@angular_router.js",
      "fileHash": "b1bba9a7",
      "needsInterop": false
    }
  },
  "chunks": {
    "chunk-YHYTR6LY": {
      "file": "chunk-YHYTR6LY.js"
    },
    "chunk-HJSLYVXA": {
      "file": "chunk-HJSLYVXA.js"
    },
    "chunk-Z3GLR2YK": {
      "file": "chunk-Z3GLR2YK.js"
    }
  }
}