{
  "hash": "27058194",
  "configHash": "48759a2b",
  "lockfileHash": "191e939c",
  "browserHash": "2f6f84f5",
  "optimized": {
    "@angular/common": {
      "src": "../../../../../../node_modules/@angular/common/fesm2022/common.mjs",
      "file": "@angular_common.js",
      "fileHash": "18250c3f",
      "needsInterop": false
    },
    "@angular/core": {
      "src": "../../../../../../node_modules/@angular/core/fesm2022/core.mjs",
      "file": "@angular_core.js",
      "fileHash": "225a1510",
      "needsInterop": false
    },
    "@angular/forms": {
      "src": "../../../../../../node_modules/@angular/forms/fesm2022/forms.mjs",
      "file": "@angular_forms.js",
      "fileHash": "32146597",
      "needsInterop": false
    },
    "@angular/platform-browser": {
      "src": "../../../../../../node_modules/@angular/platform-browser/fesm2022/platform-browser.mjs",
      "file": "@angular_platform-browser.js",
      "fileHash": "a63ff20b",
      "needsInterop": false
    },
    "@angular/router": {
      "src": "../../../../../../node_modules/@angular/router/fesm2022/router.mjs",
      "file": "@angular_router.js",
      "fileHash": "9322f982",
      "needsInterop": false
    }
  },
  "chunks": {
    "chunk-7J2ZON6J": {
      "file": "chunk-7J2ZON6J.js"
    },
    "chunk-GOBFATMH": {
      "file": "chunk-GOBFATMH.js"
    },
    "chunk-TFLZSHJW": {
      "file": "chunk-TFLZSHJW.js"
    }
  }
}