{
  "hash": "a51d9e6c",
  "configHash": "d43a351e",
  "lockfileHash": "f577163f",
  "browserHash": "acb70525",
  "optimized": {
    "@angular/common": {
      "src": "../../../../../../node_modules/@angular/common/fesm2022/common.mjs",
      "file": "@angular_common.js",
      "fileHash": "3ccc7959",
      "needsInterop": false
    },
    "@angular/core": {
      "src": "../../../../../../node_modules/@angular/core/fesm2022/core.mjs",
      "file": "@angular_core.js",
      "fileHash": "56ba2ed6",
      "needsInterop": false
    },
    "@angular/forms": {
      "src": "../../../../../../node_modules/@angular/forms/fesm2022/forms.mjs",
      "file": "@angular_forms.js",
      "fileHash": "26a6671f",
      "needsInterop": false
    },
    "@angular/platform-browser": {
      "src": "../../../../../../node_modules/@angular/platform-browser/fesm2022/platform-browser.mjs",
      "file": "@angular_platform-browser.js",
      "fileHash": "11a4f763",
      "needsInterop": false
    },
    "@angular/router": {
      "src": "../../../../../../node_modules/@angular/router/fesm2022/router.mjs",
      "file": "@angular_router.js",
      "fileHash": "e67673f6",
      "needsInterop": false
    }
  },
  "chunks": {
    "chunk-7K7QFOZ3": {
      "file": "chunk-7K7QFOZ3.js"
    },
    "chunk-SLE24RXZ": {
      "file": "chunk-SLE24RXZ.js"
    },
    "chunk-DUOSK63M": {
      "file": "chunk-DUOSK63M.js"
    }
  }
}