{
  "hash": "3e5fa3e2",
  "configHash": "245d34df",
  "lockfileHash": "191e939c",
  "browserHash": "89fc59fe",
  "optimized": {
    "@angular/common": {
      "src": "../../../../../../node_modules/@angular/common/fesm2022/common.mjs",
      "file": "@angular_common.js",
      "fileHash": "7a064aeb",
      "needsInterop": false
    },
    "@angular/core": {
      "src": "../../../../../../node_modules/@angular/core/fesm2022/core.mjs",
      "file": "@angular_core.js",
      "fileHash": "1f33b629",
      "needsInterop": false
    },
    "@angular/forms": {
      "src": "../../../../../../node_modules/@angular/forms/fesm2022/forms.mjs",
      "file": "@angular_forms.js",
      "fileHash": "72337c87",
      "needsInterop": false
    },
    "@angular/platform-browser": {
      "src": "../../../../../../node_modules/@angular/platform-browser/fesm2022/platform-browser.mjs",
      "file": "@angular_platform-browser.js",
      "fileHash": "5b44e025",
      "needsInterop": false
    },
    "@angular/router": {
      "src": "../../../../../../node_modules/@angular/router/fesm2022/router.mjs",
      "file": "@angular_router.js",
      "fileHash": "d0c46dd9",
      "needsInterop": false
    },
    "rxjs": {
      "src": "../../../../../../node_modules/rxjs/dist/esm5/index.js",
      "file": "rxjs.js",
      "fileHash": "167e8a78",
      "needsInterop": false
    },
    "rxjs/operators": {
      "src": "../../../../../../node_modules/rxjs/dist/esm5/operators/index.js",
      "file": "rxjs_operators.js",
      "fileHash": "64be7bb0",
      "needsInterop": false
    }
  },
  "chunks": {
    "chunk-I657CUIK": {
      "file": "chunk-I657CUIK.js"
    },
    "chunk-KXYPSAOH": {
      "file": "chunk-KXYPSAOH.js"
    },
    "chunk-5CWX6NVX": {
      "file": "chunk-5CWX6NVX.js"
    },
    "chunk-XZO76R2V": {
      "file": "chunk-XZO76R2V.js"
    },
    "chunk-WZZJOV5G": {
      "file": "chunk-WZZJOV5G.js"
    },
    "chunk-DHFOCCO5": {
      "file": "chunk-DHFOCCO5.js"
    }
  }
}