{
  "hash": "c74ef428",
  "configHash": "ba2e14bc",
  "lockfileHash": "ddbc98bf",
  "browserHash": "2424bdb8",
  "optimized": {
    "@angular/common": {
      "src": "../../../../../../node_modules/@angular/common/fesm2022/common.mjs",
      "file": "@angular_common.js",
      "fileHash": "230fc8dc",
      "needsInterop": false
    },
    "@angular/common/http": {
      "src": "../../../../../../node_modules/@angular/common/fesm2022/http.mjs",
      "file": "@angular_common_http.js",
      "fileHash": "4c294de3",
      "needsInterop": false
    },
    "@angular/core": {
      "src": "../../../../../../node_modules/@angular/core/fesm2022/core.mjs",
      "file": "@angular_core.js",
      "fileHash": "2623fbe7",
      "needsInterop": false
    },
    "@angular/forms": {
      "src": "../../../../../../node_modules/@angular/forms/fesm2022/forms.mjs",
      "file": "@angular_forms.js",
      "fileHash": "c7e3f473",
      "needsInterop": false
    },
    "@angular/platform-browser": {
      "src": "../../../../../../node_modules/@angular/platform-browser/fesm2022/platform-browser.mjs",
      "file": "@angular_platform-browser.js",
      "fileHash": "9a2abb05",
      "needsInterop": false
    },
    "@angular/platform-browser/animations": {
      "src": "../../../../../../node_modules/@angular/platform-browser/fesm2022/animations.mjs",
      "file": "@angular_platform-browser_animations.js",
      "fileHash": "ff32ce86",
      "needsInterop": false
    },
    "@angular/router": {
      "src": "../../../../../../node_modules/@angular/router/fesm2022/router.mjs",
      "file": "@angular_router.js",
      "fileHash": "c8fc872d",
      "needsInterop": false
    },
    "angular-datatables": {
      "src": "../../../../../../node_modules/angular-datatables/fesm2022/angular-datatables.mjs",
      "file": "angular-datatables.js",
      "fileHash": "8d5c35ee",
      "needsInterop": false
    },
    "ng2-charts": {
      "src": "../../../../../../node_modules/ng2-charts/fesm2022/ng2-charts.mjs",
      "file": "ng2-charts.js",
      "fileHash": "21f741c4",
      "needsInterop": false
    },
    "ngx-toastr": {
      "src": "../../../../../../node_modules/ngx-toastr/fesm2022/ngx-toastr.mjs",
      "file": "ngx-toastr.js",
      "fileHash": "3a40d13c",
      "needsInterop": false
    },
    "rxjs": {
      "src": "../../../../../../node_modules/rxjs/dist/esm5/index.js",
      "file": "rxjs.js",
      "fileHash": "a642b7a2",
      "needsInterop": false
    }
  },
  "chunks": {
    "chunk-OQVYRFRG": {
      "file": "chunk-OQVYRFRG.js"
    },
    "chunk-CDSKFS7S": {
      "file": "chunk-CDSKFS7S.js"
    },
    "chunk-DRVZO2EU": {
      "file": "chunk-DRVZO2EU.js"
    },
    "chunk-E66YO3XP": {
      "file": "chunk-E66YO3XP.js"
    },
    "chunk-ZVIWPY2D": {
      "file": "chunk-ZVIWPY2D.js"
    },
    "chunk-5TID76VL": {
      "file": "chunk-5TID76VL.js"
    }
  }
}