{
  "hash": "e5cfde08",
  "configHash": "92ab900d",
  "lockfileHash": "12e1a9dc",
  "browserHash": "5be37c01",
  "optimized": {
    "@angular/common": {
      "src": "../../../../../../node_modules/@angular/common/fesm2022/common.mjs",
      "file": "@angular_common.js",
      "fileHash": "21aa4071",
      "needsInterop": false
    },
    "@angular/common/http": {
      "src": "../../../../../../node_modules/@angular/common/fesm2022/http.mjs",
      "file": "@angular_common_http.js",
      "fileHash": "52343b0e",
      "needsInterop": false
    },
    "@angular/core": {
      "src": "../../../../../../node_modules/@angular/core/fesm2022/core.mjs",
      "file": "@angular_core.js",
      "fileHash": "317beebf",
      "needsInterop": false
    },
    "@angular/forms": {
      "src": "../../../../../../node_modules/@angular/forms/fesm2022/forms.mjs",
      "file": "@angular_forms.js",
      "fileHash": "246ed04a",
      "needsInterop": false
    },
    "@angular/platform-browser": {
      "src": "../../../../../../node_modules/@angular/platform-browser/fesm2022/platform-browser.mjs",
      "file": "@angular_platform-browser.js",
      "fileHash": "4db4177e",
      "needsInterop": false
    },
    "@angular/platform-browser/animations": {
      "src": "../../../../../../node_modules/@angular/platform-browser/fesm2022/animations.mjs",
      "file": "@angular_platform-browser_animations.js",
      "fileHash": "2f475ea8",
      "needsInterop": false
    },
    "@angular/router": {
      "src": "../../../../../../node_modules/@angular/router/fesm2022/router.mjs",
      "file": "@angular_router.js",
      "fileHash": "f2210562",
      "needsInterop": false
    },
    "jspdf": {
      "src": "../../../../../../node_modules/jspdf/dist/jspdf.es.min.js",
      "file": "jspdf.js",
      "fileHash": "c281635a",
      "needsInterop": false
    },
    "jspdf-autotable": {
      "src": "../../../../../../node_modules/jspdf-autotable/dist/jspdf.plugin.autotable.js",
      "file": "jspdf-autotable.js",
      "fileHash": "05ed2754",
      "needsInterop": true
    },
    "ngx-toastr": {
      "src": "../../../../../../node_modules/ngx-toastr/fesm2022/ngx-toastr.mjs",
      "file": "ngx-toastr.js",
      "fileHash": "17acbe68",
      "needsInterop": false
    },
    "rxjs": {
      "src": "../../../../../../node_modules/rxjs/dist/esm5/index.js",
      "file": "rxjs.js",
      "fileHash": "f1030cba",
      "needsInterop": false
    }
  },
  "chunks": {
    "html2canvas.esm-X2LUDEIK": {
      "file": "html2canvas__esm-X2LUDEIK.js"
    },
    "purify.es-VUPE7YY7": {
      "file": "purify__es-VUPE7YY7.js"
    },
    "index.es-CYBDB5JQ": {
      "file": "index__es-CYBDB5JQ.js"
    },
    "chunk-DWOZPIBH": {
      "file": "chunk-DWOZPIBH.js"
    },
    "chunk-7Q7AG35V": {
      "file": "chunk-7Q7AG35V.js"
    },
    "chunk-GFCESIXQ": {
      "file": "chunk-GFCESIXQ.js"
    },
    "chunk-ERYAFDN6": {
      "file": "chunk-ERYAFDN6.js"
    },
    "chunk-P7AVS3SZ": {
      "file": "chunk-P7AVS3SZ.js"
    },
    "chunk-ZSY7TSMJ": {
      "file": "chunk-ZSY7TSMJ.js"
    },
    "chunk-5HTEPDKF": {
      "file": "chunk-5HTEPDKF.js"
    },
    "chunk-PNGFZJMY": {
      "file": "chunk-PNGFZJMY.js"
    },
    "chunk-S35DAJRX": {
      "file": "chunk-S35DAJRX.js"
    }
  }
}