{
  "hash": "d11472a0",
  "configHash": "1139e491",
  "lockfileHash": "02485aee",
  "browserHash": "593bbec9",
  "optimized": {
    "@angular/common": {
      "src": "../../../../../../node_modules/@angular/common/fesm2022/common.mjs",
      "file": "@angular_common.js",
      "fileHash": "e5397d9f",
      "needsInterop": false
    },
    "@angular/core": {
      "src": "../../../../../../node_modules/@angular/core/fesm2022/core.mjs",
      "file": "@angular_core.js",
      "fileHash": "29ad6812",
      "needsInterop": false
    },
    "@angular/forms": {
      "src": "../../../../../../node_modules/@angular/forms/fesm2022/forms.mjs",
      "file": "@angular_forms.js",
      "fileHash": "036720b5",
      "needsInterop": false
    },
    "@angular/platform-browser": {
      "src": "../../../../../../node_modules/@angular/platform-browser/fesm2022/platform-browser.mjs",
      "file": "@angular_platform-browser.js",
      "fileHash": "b2ecf6fe",
      "needsInterop": false
    },
    "@angular/router": {
      "src": "../../../../../../node_modules/@angular/router/fesm2022/router.mjs",
      "file": "@angular_router.js",
      "fileHash": "7c6826b0",
      "needsInterop": false
    }
  },
  "chunks": {
    "chunk-YHYTR6LY": {
      "file": "chunk-YHYTR6LY.js"
    },
    "chunk-HJSLYVXA": {
      "file": "chunk-HJSLYVXA.js"
    },
    "chunk-Z3GLR2YK": {
      "file": "chunk-Z3GLR2YK.js"
    }
  }
}