{
  "hash": "06f77b85",
  "configHash": "87c43258",
  "lockfileHash": "02485aee",
  "browserHash": "02631418",
  "optimized": {
    "@angular/common": {
      "src": "../../../../../../node_modules/@angular/common/fesm2022/common.mjs",
      "file": "@angular_common.js",
      "fileHash": "aad7fbeb",
      "needsInterop": false
    },
    "@angular/core": {
      "src": "../../../../../../node_modules/@angular/core/fesm2022/core.mjs",
      "file": "@angular_core.js",
      "fileHash": "f7d97ed8",
      "needsInterop": false
    },
    "@angular/forms": {
      "src": "../../../../../../node_modules/@angular/forms/fesm2022/forms.mjs",
      "file": "@angular_forms.js",
      "fileHash": "650b8aae",
      "needsInterop": false
    },
    "@angular/platform-browser": {
      "src": "../../../../../../node_modules/@angular/platform-browser/fesm2022/platform-browser.mjs",
      "file": "@angular_platform-browser.js",
      "fileHash": "15f0764b",
      "needsInterop": false
    },
    "@angular/router": {
      "src": "../../../../../../node_modules/@angular/router/fesm2022/router.mjs",
      "file": "@angular_router.js",
      "fileHash": "dfa6c494",
      "needsInterop": false
    }
  },
  "chunks": {
    "chunk-YHYTR6LY": {
      "file": "chunk-YHYTR6LY.js"
    },
    "chunk-HJSLYVXA": {
      "file": "chunk-HJSLYVXA.js"
    },
    "chunk-Z3GLR2YK": {
      "file": "chunk-Z3GLR2YK.js"
    }
  }
}